{
  "ident": "(25b11e49-a7c5-3d9c-8271-d4f68f211051|Player578)",
  "lastTeleportOrigin": {
    "dim": 0,
    "pitch": 4.650002,
    "yaw": -184.95,
    "xd": 111.86664577468423,
    "yd": 70.0,
    "zd": 224.71840204215147
  },
  "lastTeleportTime": 1565637760934,
  "selDim": 0,
  "inventoryGroups": {},
  "activeInventoryGroup": "default",
  "timePlayed": 0,
  "firstLogin": "Aug 12, 2019 12:20:57 PM",
  "lastLogin": "Aug 12, 2019 12:20:57 PM",
  "namedTimeout": {}
}